<?xml version="1.0" encoding="UTF-8"?>
<project-private xmlns="http://www.netbeans.org/ns/project-private/1">
    <editor-bookmarks xmlns="http://www.netbeans.org/ns/editor-bookmarks/2" lastBookmarkId="0"/>
    <open-files xmlns="http://www.netbeans.org/ns/projectui-open-files/2">
        <group>
            <file>file:/Users/maricarmen/Desktop/INGENIERÍA%20INFORMÁTICA/2º%20Curso/IPC/Práctica/practica%203/IPC_FXML_TableView/src/javafxmlapplication/JavaFXMLApplication.java</file>
            <file>file:/Users/maricarmen/Desktop/INGENIERÍA%20INFORMÁTICA/2º%20Curso/IPC/Práctica/practica%203/IPC_FXML_TableView/src/controlador/FXMLPersonaController.java</file>
            <file>file:/Users/maricarmen/Desktop/INGENIERÍA%20INFORMÁTICA/2º%20Curso/IPC/Práctica/practica%203/IPC_FXML_TableView/src/controlador/FXMLPersonasTableController.java</file>
            <file>file:/Users/maricarmen/Desktop/INGENIERÍA%20INFORMÁTICA/2º%20Curso/IPC/Práctica/practica%203/IPC_FXML_TableView/src/modelo/Persona.java</file>
        </group>
    </open-files>
</project-private>
